{
  "200": [
    [
      6, 12, 18, 24, 30, 36, 42, 48, 54, 60, 66, 72, 78, 84, 90, 96, 102, 108,
      114, 120, 126, 132, 138, 144, 150, 156, 162, 168, 174
    ],
    {
      "0.01": [
        0.05924623115577887, 0.11668341708542718, 0.1723115577889447,
        0.22613065326633164, 0.2781407035175879, 0.3283417085427136,
        0.3767336683417085, 0.42331658291457286, 0.4680904522613065,
        0.5110552763819096, 0.5522110552763819, 0.5915577889447237,
        0.6290954773869346, 0.6648241206030151, 0.6987437185929648,
        0.7308542713567839, 0.7611557788944724, 0.7896482412060302,
        0.8163316582914573, 0.8412060301507538, 0.8642713567839195,
        0.8855276381909548, 0.9049748743718593, 0.9226130653266331,
        0.9384422110552764, 0.9524623115577889, 0.9646733668341708,
        0.9750753768844221, 0.9836683417085427
      ],
      "0.05": [
        0.2678596165969581, 0.4693236492660334, 0.6194462293624303,
        0.7302054341354705, 0.8110586787384348, 0.869411876949555,
        0.9110134347141632, 0.9402830395524127, 0.9605841834468358,
        0.9744484043360557, 0.9837583491019682, 0.9898959462544075,
        0.9938612266964485, 0.9963666433018429, 0.9979111118603655,
        0.9988374245538334, 0.9993761698219829, 0.9996788265700122,
        0.9998422834651622, 0.9999266628749673, 0.999968001121511,
        0.9999870494709188, 0.9999952109521583, 0.9999984140107503,
        0.9999995424579663, 0.9999998894812568, 0.999999978943759,
        0.9999999971265321, 0.9999999997634077
      ],
      "0.1": [
        0.47305613805626556, 0.7281615753471774, 0.8629096007776844,
        0.9325234280999737, 0.9676427675637025, 0.984913260442827,
        0.9931757525569891, 0.9970128409440506, 0.9987382502855183,
        0.9994873760104661, 0.9998004114302859, 0.9999258443208824,
        0.9999738364522996, 0.999991284146831, 0.9999972768934198,
        0.9999992084204301, 0.9999997879488653, 0.9999999482569633,
        0.999999988662692, 0.9999999978090339, 0.9999999996349812,
        0.99999999994911, 0.9999999999942945, 0.9999999999995132,
        0.9999999999999708, 0.9999999999999989, 1.0, 1.0, 1.0
      ],
      "0.2": [
        0.742827236521961, 0.936958556923651, 0.9853218425308486,
        0.9967666499754055, 0.9993291020894266, 0.9998695240884894,
        0.9999763494581827, 0.9999960297038695, 0.9999993872074097,
        0.9999999137669128, 0.9999999890431274, 0.9999999987571336,
        0.9999999998758119, 0.9999999999892418, 0.9999999999992073,
        0.9999999999999515, 0.9999999999999976, 0.9999999999999999, 1.0, 1.0,
        1.0, 1.0, 1.0, 1.0, 1.0, 1.0, 1.0, 1.0, 1.0
      ]
    }
  ],
  "500": [
    [
      16, 32, 48, 64, 80, 96, 112, 128, 144, 160, 176, 192, 208, 224, 240, 256,
      272, 288, 304, 320, 336, 352, 368, 384, 400, 416, 432, 448, 464
    ],
    {
      "0.01": [
        0.1506476623100539, 0.28256654299119677, 0.39755987838236206,
        0.4973112558053491, 0.5833887216855831, 0.6572488896728756,
        0.720241048762184, 0.7736112714143712, 0.8185065216769667,
        0.8559787633049253, 0.8869890678813876, 0.9124117229384405,
        0.9330383400778759, 0.949581963091952, 0.9626811760841522,
        0.9729042115899458, 0.9807530586975476, 0.9866675711686781,
        0.991029575559323, 0.9941669793404938, 0.9963578790189873,
        0.9978346682581456, 0.9987881459986163, 0.9993716245791123,
        0.9997050378571718, 0.9998790493299183, 0.9999591602548206,
        0.9999898177704521, 0.9999985230172524
      ],
      "0.05": [
        0.5655171328814339, 0.8165772344341624, 0.9249158087703693,
        0.9702651446137242, 0.9886368731639174, 0.9958216567790367,
        0.9985263688784858, 0.9995033234874903, 0.999840682061417,
        0.99995159267319, 0.9999861434987473, 0.9999962867071179,
        0.9999990752208181, 0.9999997878049767, 0.999999955599405,
        0.9999999916316388, 0.9999999986004858, 0.9999999997961201,
        0.9999999999747194, 0.9999999999974094, 0.9999999999997888,
        0.999999999999987, 0.9999999999999994, 1.0, 1.0, 1.0, 1.0, 1.0, 1.0
      ],
      "0.1": [
        0.8196816366035845, 0.9694045165317853, 0.9951370057627277,
        0.9992795449564863, 0.9999010685147682, 0.9999874872872608,
        0.9999985526722828, 0.9999998481308, 0.9999999856765124,
        0.9999999987985856, 0.9999999999114754, 0.9999999999943514,
        0.9999999999996931, 0.9999999999999861, 0.9999999999999994, 1.0, 1.0,
        1.0, 1.0, 1.0, 1.0, 1.0, 1.0, 1.0, 1.0, 1.0, 1.0, 1.0, 1.0
      ],
      "0.2": [
        0.9735296351747181, 0.9993893428840356, 0.9999878552779018,
        0.9999997943074929, 0.9999999970739005, 0.9999999999655821,
        0.9999999999996713, 0.9999999999999974, 1.0, 1.0, 1.0, 1.0, 1.0, 1.0,
        1.0, 1.0, 1.0, 1.0, 1.0, 1.0, 1.0, 1.0, 1.0, 1.0, 1.0, 1.0, 1.0, 1.0,
        1.0
      ]
    }
  ],
  "1000": [
    [
      33, 66, 99, 132, 165, 198, 231, 264, 297, 330, 363, 396, 429, 462, 495,
      528, 561, 594, 627, 660, 693, 726, 759, 792, 825, 858, 891, 924, 957
    ],
    {
      "0.01": [
        0.2861721674475095, 0.49640821246114586, 0.6491785959286225,
        0.7588957720388402, 0.8367038943399824, 0.8911360262106653,
        0.9286572774028404, 0.9541102958221914, 0.971077700456102,
        0.9821743415264427, 0.9892807117200061, 0.9937274019189624,
        0.9964391904027774, 0.9980461702071887, 0.9989682493906371,
        0.999478397559557, 0.9997491533267021, 0.9998861456067851,
        0.9999517109766958, 0.9999811039289999, 0.9999932909128619,
        0.9999978867715525, 0.9999994277358364, 0.999999872703372,
        0.9999999783113331, 0.9999999974783518, 0.9999999998381448,
        0.9999999999963762, 0.9999999999999927
      ],
      "0.05": [
        0.821131078160843, 0.9699105691410368, 0.9952612365792299,
        0.999304834126305, 0.9999055458891062, 0.9999881888758569,
        0.9999986505173485, 0.9999998602698984, 0.9999999870105136,
        0.9999999989275026, 0.9999999999223239, 0.9999999999951366,
        0.9999999999997412, 0.9999999999999886, 0.9999999999999996, 1.0, 1.0,
        1.0, 1.0, 1.0, 1.0, 1.0, 1.0, 1.0, 1.0, 1.0, 1.0, 1.0, 1.0
      ],
      "0.1": [
        0.9708977833621147, 0.9992561836763517, 0.9999834683507339,
        0.9999996840182035, 0.9999999948703203, 0.9999999999302592,
        0.9999999999992185, 0.9999999999999929, 1.0, 1.0, 1.0, 1.0, 1.0, 1.0,
        1.0, 1.0, 1.0, 1.0, 1.0, 1.0, 1.0, 1.0, 1.0, 1.0, 1.0, 1.0, 1.0, 1.0,
        1.0
      ],
      "0.2": [
        0.9994463877132642, 0.9999997714754274, 0.999999999931334,
        0.9999999999999853, 1.0, 1.0, 1.0, 1.0, 1.0, 1.0, 1.0, 1.0, 1.0, 1.0,
        1.0, 1.0, 1.0, 1.0, 1.0, 1.0, 1.0, 1.0, 1.0, 1.0, 1.0, 1.0, 1.0, 1.0,
        1.0
      ]
    }
  ],
  "2000": [
    [
      66, 132, 198, 264, 330, 396, 462, 528, 594, 660, 726, 792, 858, 924, 990,
      1056, 1122, 1188, 1254, 1320, 1386, 1452, 1518, 1584, 1650, 1716, 1782,
      1848, 1914
    ],
    {
      "0.01": [
        0.49053761134721197, 0.7464857890355021, 0.8769926246654691,
        0.9419133919221507, 0.9733609928597524, 0.98816341334946,
        0.9949179391541, 0.9978979512217454, 0.9991652862589586,
        0.9996830368228706, 0.999885427821898, 0.9999607849256861,
        0.9999873688053097, 0.9999961991297525, 0.9999989407696781,
        0.9999997294711654, 0.9999999374830453, 0.9999999871332342,
        0.9999999976880332, 0.9999999996464529, 0.9999999999555037,
        0.9999999999955944, 0.9999999999996778, 0.9999999999999841,
        0.9999999999999996, 1.0, 1.0, 1.0, 1.0
      ],
      "0.05": [
        0.9680346392258505, 0.9990963104331931, 0.9999776091118976,
        0.9999995186811832, 0.9999999911249093, 0.9999999998614061,
        0.9999999999981933, 0.9999999999999807, 0.9999999999999998, 1.0, 1.0,
        1.0, 1.0, 1.0, 1.0, 1.0, 1.0, 1.0, 1.0, 1.0, 1.0, 1.0, 1.0, 1.0, 1.0,
        1.0, 1.0, 1.0, 1.0
      ],